{
  "config": {
    "run_name": "exp1_2",
    "out_dir": "./results",
    "seed": 401905697,
    "device": null,
    "bs_train": 128,
    "bs_test": 32,
    "batches": 100,
    "epochs": 100,
    "early_stopping": 3,
    "checkpoints": null,
    "lr": 0.001,
    "reg": 0.001,
    "filters_per_layer": [
      128
    ],
    "pool_every": 2,
    "hidden_dims": [
      100
    ],
    "model_type": "cnn",
    "kernel_size": 3,
    "padding": 1,
    "batchnorm": false,
    "dropout": 0.0,
    "momentum": 0.1,
    "kw": {},
    "layers_per_block": 8
  },
  "results": {
    "num_epochs": 0,
    "train_loss": [
      2.303345458507538,
      2.302617857456207,
      2.3027961659431457,
      2.3029071569442747,
      2.3028656744956972,
      2.3028254747390746
    ],
    "train_acc": [
      10.21875,
      9.9453125,
      10.03125,
      10.2734375,
      9.71875,
      10.1953125
    ],
    "test_loss": [
      2.3028437066078187,
      2.303301455974579,
      2.3030327653884886,
      2.3030012607574464,
      2.3030390167236328,
      2.302932755947113
    ],
    "test_acc": [
      -151.84375,
      -271.96875,
      -151.59375,
      -151.59375,
      -151.59375,
      -209.84375
    ]
  }
}