{
  "config": {
    "run_name": "exp1_3",
    "out_dir": "./results",
    "seed": 339684650,
    "device": null,
    "bs_train": 128,
    "bs_test": 32,
    "batches": 100,
    "epochs": 100,
    "early_stopping": 3,
    "checkpoints": null,
    "lr": 0.001,
    "reg": 0.001,
    "filters_per_layer": [
      64,
      128,
      256
    ],
    "pool_every": 2,
    "hidden_dims": [
      100
    ],
    "model_type": "cnn",
    "kernel_size": 3,
    "padding": 1,
    "batchnorm": false,
    "dropout": 0.0,
    "momentum": 0.1,
    "kw": {},
    "layers_per_block": 3
  },
  "results": {
    "num_epochs": 0,
    "train_loss": [
      2.3031959533691406,
      2.302906937599182,
      2.3027737879753114,
      2.3028199005126955,
      2.3029681205749513,
      2.3027910137176515,
      2.3029269218444823
    ],
    "train_acc": [
      9.9921875,
      9.3671875,
      10.1015625,
      10.21875,
      10.0859375,
      10.0859375,
      9.2578125
    ],
    "test_loss": [
      2.302933170795441,
      2.3027544617652893,
      2.302955672740936,
      2.302635359764099,
      2.3026288509368897,
      2.302682385444641,
      2.302437524795532
    ],
    "test_acc": [
      -170.59375,
      -171.78125,
      -271.96875,
      -151.84375,
      -211.40625,
      -151.84375,
      -347.96875
    ]
  }
}