{
  "config": {
    "run_name": "exp1_2",
    "out_dir": "./results",
    "seed": 2144300515,
    "device": null,
    "bs_train": 128,
    "bs_test": 32,
    "batches": 100,
    "epochs": 100,
    "early_stopping": 3,
    "checkpoints": null,
    "lr": 0.001,
    "reg": 0.001,
    "filters_per_layer": [
      256
    ],
    "pool_every": 2,
    "hidden_dims": [
      100
    ],
    "model_type": "cnn",
    "kernel_size": 3,
    "padding": 1,
    "batchnorm": false,
    "dropout": 0.0,
    "momentum": 0.1,
    "kw": {},
    "layers_per_block": 8
  },
  "results": {
    "num_epochs": 0,
    "train_loss": [
      2.3030931162834167,
      2.3029976892471313,
      2.3027143359184263,
      2.302967929840088,
      2.302757637500763,
      2.3027912306785585
    ],
    "train_acc": [
      9.953125,
      9.859375,
      10.2421875,
      9.65625,
      9.9765625,
      10.359375
    ],
    "test_loss": [
      2.303340640068054,
      2.302640872001648,
      2.302708249092102,
      2.3024446153640747,
      2.3026713490486146,
      2.3024463129043578
    ],
    "test_acc": [
      -352.03125,
      -170.59375,
      -151.59375,
      -211.40625,
      -211.40625,
      -268.40625
    ]
  }
}