{
  "config": {
    "run_name": "exp1_2",
    "out_dir": "./results",
    "seed": 1965834564,
    "device": null,
    "bs_train": 128,
    "bs_test": 32,
    "batches": 100,
    "epochs": 100,
    "early_stopping": 3,
    "checkpoints": null,
    "lr": 0.001,
    "reg": 0.001,
    "filters_per_layer": [
      64
    ],
    "pool_every": 2,
    "hidden_dims": [
      100
    ],
    "model_type": "cnn",
    "kernel_size": 3,
    "padding": 1,
    "batchnorm": false,
    "dropout": 0.0,
    "momentum": 0.1,
    "kw": {},
    "layers_per_block": 4
  },
  "results": {
    "num_epochs": 0,
    "train_loss": [
      2.2966367268562315,
      2.2215585899353028,
      2.154000127315521,
      2.0737391221523285,
      2.009445949792862,
      1.8665498864650727,
      1.6993319308757782,
      1.6850096666812897,
      1.5632011163234711,
      1.4975681543350219,
      1.4350319647789,
      1.373265484571457,
      1.3371643602848053,
      1.3068598413467407,
      1.2588436436653136,
      1.1966628706455231,
      1.157488871216774,
      1.1424192583560944,
      1.0810421848297118,
      1.0522598606348037,
      1.0124250775575638,
      0.9805408775806427,
      0.9608595782518387,
      0.9309825617074966,
      0.8995033586025238,
      0.8511150115728379,
      0.8275656366348266
    ],
    "train_acc": [
      11.8671875,
      17.640625,
      21.6484375,
      25.4765625,
      27.7109375,
      33.1953125,
      38.703125,
      40.2734375,
      43.8515625,
      46.2578125,
      48.5078125,
      50.6640625,
      51.765625,
      53.3515625,
      55.2265625,
      57.515625,
      58.96875,
      59.625,
      61.9140625,
      63.1640625,
      63.9375,
      65.625,
      66.3125,
      67.5546875,
      68.765625,
      69.8125,
      70.90625
    ],
    "test_loss": [
      2.2535417580604555,
      2.1429841601848603,
      2.136896734237671,
      2.165707240104675,
      2.0281702780723574,
      1.7720176362991333,
      1.5846287107467651,
      1.6047027790546418,
      1.5508322131633758,
      1.4521124625205994,
      1.4570758759975433,
      1.325679401755333,
      1.3111186361312865,
      1.334684250354767,
      1.2170998442173004,
      1.203968255519867,
      1.179569215774536,
      1.168759234547615,
      1.1018747800588609,
      1.1035194325447082,
      1.0559358990192413,
      1.0422551423311233,
      1.0592697197198868,
      1.0344426435232164,
      1.0165434855222701,
      1.0674276781082153,
      1.0902854773402213
    ],
    "test_acc": [
      -201.84375,
      -190.0,
      -157.40625,
      -180.15625,
      -163.28125,
      -135.21875,
      -102.8125,
      -96.9375,
      -103.75,
      -92.15625,
      -78.9375,
      -74.0,
      -70.71875,
      -72.8125,
      -55.09375,
      -56.5,
      -60.0625,
      -47.0625,
      -35.8125,
      -42.59375,
      -33.75,
      -32.0625,
      -32.03125,
      -21.75,
      -26.71875,
      -32.5625,
      -23.125
    ]
  }
}