{
  "config": {
    "run_name": "exp1_1",
    "out_dir": "./results",
    "seed": 717899175,
    "device": null,
    "bs_train": 128,
    "bs_test": 32,
    "batches": 100,
    "epochs": 100,
    "early_stopping": 3,
    "checkpoints": null,
    "lr": 0.001,
    "reg": 0.001,
    "filters_per_layer": [
      64
    ],
    "pool_every": 2,
    "hidden_dims": [
      100
    ],
    "model_type": "cnn",
    "kernel_size": 3,
    "padding": 1,
    "batchnorm": false,
    "dropout": 0.0,
    "momentum": 0.1,
    "kw": {},
    "layers_per_block": 4
  },
  "results": {
    "num_epochs": 0,
    "train_loss": [
      2.290585415363312,
      2.2451627540588377,
      2.129383239746094,
      1.9889257633686066,
      1.8733171248435974,
      1.8045373249053955,
      1.6854577577114105,
      1.5953427052497864,
      1.5199532091617585,
      1.4587448990345002,
      1.3820772218704223,
      1.3420593786239623,
      1.2999958491325379,
      1.2697102206945419,
      1.2247197300195694,
      1.1953071624040603,
      1.1503672552108766,
      1.110183390378952,
      1.0839194816350937,
      1.0522664928436278,
      1.0033419877290726,
      0.9751745468378067,
      0.9471515554189682,
      0.9059018951654434,
      0.883412959575653,
      0.8489060741662979,
      0.8069754302501678
    ],
    "train_acc": [
      11.828125,
      15.4921875,
      22.5,
      28.84375,
      32.7890625,
      35.265625,
      39.9375,
      42.5546875,
      45.890625,
      47.9453125,
      50.578125,
      52.046875,
      53.828125,
      54.140625,
      56.0859375,
      57.4765625,
      58.90625,
      60.3671875,
      61.203125,
      62.6015625,
      64.2578125,
      65.703125,
      66.5546875,
      68.21875,
      68.9296875,
      70.140625,
      72.671875
    ],
    "test_loss": [
      2.224342522621155,
      2.1476776254177095,
      2.099615343809128,
      2.00252716422081,
      1.7809364914894104,
      1.8323210573196411,
      1.5479503059387207,
      1.553644279241562,
      1.4635622096061707,
      1.3731256914138794,
      1.3569623225927352,
      1.3878653728961945,
      1.2704866027832031,
      1.2164194440841676,
      1.303339621424675,
      1.2231783717870712,
      1.2189508801698685,
      1.1669620430469514,
      1.1998947614431381,
      1.146438090801239,
      1.0966583043336868,
      1.1014344555139541,
      1.1429229283332825,
      1.0038258236646653,
      1.0262044644355774,
      1.0230275940895082,
      1.1201257973909378
    ],
    "test_acc": [
      19.8125,
      23.34375,
      20.6875,
      27.6875,
      39.5625,
      35.40625,
      44.46875,
      46.34375,
      46.375,
      51.25,
      50.65625,
      50.84375,
      54.3125,
      56.25,
      54.3125,
      57.03125,
      57.6875,
      59.625,
      56.8125,
      59.90625,
      61.40625,
      61.5,
      60.40625,
      65.8125,
      63.71875,
      64.1875,
      61.8125
    ]
  }
}