{
  "config": {
    "run_name": "exp1_1",
    "out_dir": "./results",
    "seed": 326082187,
    "device": null,
    "bs_train": 128,
    "bs_test": 32,
    "batches": 100,
    "epochs": 100,
    "early_stopping": 3,
    "checkpoints": null,
    "lr": 0.001,
    "reg": 0.001,
    "filters_per_layer": [
      64
    ],
    "pool_every": 2,
    "hidden_dims": [
      100
    ],
    "model_type": "cnn",
    "kernel_size": 3,
    "padding": 1,
    "batchnorm": false,
    "dropout": 0.0,
    "momentum": 0.1,
    "kw": {},
    "layers_per_block": 8
  },
  "results": {
    "num_epochs": 0,
    "train_loss": [
      2.3037855219841004,
      2.302530128955841,
      2.3027187538146974,
      2.303093945980072,
      2.3027629685401916,
      2.302935998439789,
      2.3027355337142943,
      2.303019151687622
    ],
    "train_acc": [
      9.375,
      10.40625,
      10.375,
      9.859375,
      10.15625,
      9.984375,
      9.7421875,
      10.078125
    ],
    "test_loss": [
      2.3031214690208435,
      2.303300998210907,
      2.3030718612670897,
      2.302688384056091,
      2.3025834131240845,
      2.3028803181648256,
      2.303148322105408,
      2.3028668332099915
    ],
    "test_acc": [
      9.625,
      9.75,
      9.96875,
      9.75,
      10.46875,
      9.75,
      10.125,
      9.84375
    ]
  }
}