{
  "config": {
    "run_name": "exp1_2",
    "out_dir": "./results",
    "seed": 658406991,
    "device": null,
    "bs_train": 128,
    "bs_test": 32,
    "batches": 100,
    "epochs": 100,
    "early_stopping": 3,
    "checkpoints": null,
    "lr": 0.001,
    "reg": 0.001,
    "filters_per_layer": [
      64
    ],
    "pool_every": 2,
    "hidden_dims": [
      100
    ],
    "model_type": "cnn",
    "kernel_size": 3,
    "padding": 1,
    "batchnorm": false,
    "dropout": 0.0,
    "momentum": 0.1,
    "kw": {},
    "layers_per_block": 2
  },
  "results": {
    "num_epochs": 0,
    "train_loss": [
      2.2266518545150755,
      2.039254561662674,
      1.8421857404708861,
      1.7080726850032806,
      1.599284167289734,
      1.5200811755657195,
      1.4388739049434662,
      1.3666097688674927,
      1.3297685146331788,
      1.2644819331169128
    ],
    "train_acc": [
      16.5,
      26.125,
      34.0390625,
      38.6328125,
      43.1953125,
      45.7578125,
      48.0234375,
      51.1875,
      52.3359375,
      54.703125
    ],
    "test_loss": [
      2.21649040222168,
      1.8183713710308076,
      1.935672814846039,
      1.5811174964904786,
      1.4894049966335297,
      1.5629352450370788,
      1.3348584258556366,
      1.3404645645618438,
      1.3255875277519227,
      1.262234132885933
    ],
    "test_acc": [
      -252.875,
      -131.09375,
      -128.96875,
      -100.375,
      -100.125,
      -117.25,
      -65.0625,
      -67.84375,
      -87.53125,
      -70.78125
    ]
  }
}