{
  "config": {
    "run_name": "exp1_4",
    "out_dir": "./results",
    "seed": 1162842091,
    "device": null,
    "bs_train": 128,
    "bs_test": 32,
    "batches": 100,
    "epochs": 100,
    "early_stopping": 3,
    "checkpoints": null,
    "lr": 0.001,
    "reg": 0.001,
    "filters_per_layer": [
      64,
      128,
      256
    ],
    "pool_every": 2,
    "hidden_dims": [
      100
    ],
    "model_type": "resnet",
    "kernel_size": 3,
    "padding": 1,
    "batchnorm": false,
    "dropout": 0.0,
    "momentum": 0.1,
    "kw": {},
    "layers_per_block": 2
  },
  "results": {
    "num_epochs": 0,
    "train_loss": [
      2.2681756067276,
      2.174285750389099,
      2.0802400243282317,
      1.9328150928020478,
      1.782928441762924,
      1.6657917726039886,
      1.5541205537319183,
      1.4817194652557373,
      1.4323633766174317,
      1.3706068360805512,
      1.3240296614170075,
      1.2714434838294983,
      1.2176276564598083,
      1.1757096886634826,
      1.1212330180406571,
      1.0831475394964218,
      1.0241575115919113,
      1.0165683847665787,
      0.9423878335952759,
      0.902987489104271,
      0.8770620787143707,
      0.8495697253942489,
      0.8019947081804275,
      0.7552210944890976,
      0.723615307211876,
      0.6982471492886543,
      0.6433116361498833,
      0.6351362839341164,
      0.5883916825056076,
      0.569097774028778
    ],
    "train_acc": [
      14.03125,
      20.4453125,
      25.2890625,
      30.484375,
      35.4453125,
      39.7265625,
      43.546875,
      46.4921875,
      48.5546875,
      50.53125,
      52.265625,
      54.6484375,
      56.390625,
      58.21875,
      60.3984375,
      61.8125,
      63.578125,
      63.6796875,
      66.921875,
      68.0078125,
      69.1484375,
      70.2578125,
      72.1015625,
      73.2734375,
      74.875,
      75.375,
      77.4453125,
      77.796875,
      79.875,
      79.7890625
    ],
    "test_loss": [
      2.378771436214447,
      2.264270703792572,
      2.1726353764533997,
      1.7480870735645295,
      1.6111419069767,
      1.5162042260169983,
      1.6547201645374299,
      1.3884394824504853,
      1.4149555921554566,
      1.34191555082798,
      1.2760878080129623,
      1.374245975613594,
      1.215976378917694,
      1.1711293083429337,
      1.1407250082492828,
      1.0914622461795807,
      1.1544453716278076,
      1.0397373431921004,
      0.9639496716856957,
      1.0074370056390762,
      0.9972922742366791,
      0.9682410264015198,
      0.8813065302371978,
      0.9038396859169007,
      0.8766621741652488,
      0.8983088549971581,
      0.8170740050077439,
      0.8936594462394715,
      0.8695218321681023,
      0.8642753028869629
    ],
    "test_acc": [
      -149.15625,
      -147.375,
      -220.96875,
      -130.75,
      -112.25,
      -105.0,
      -135.625,
      -85.25,
      -79.15625,
      -69.15625,
      -64.8125,
      -84.125,
      -61.0,
      -47.0,
      -42.5,
      -44.15625,
      -46.75,
      -30.0625,
      -18.3125,
      -32.5625,
      -27.84375,
      -14.5,
      -6.1875,
      -7.75,
      2.5,
      -0.4375,
      3.625,
      -7.34375,
      -17.21875,
      1.625
    ]
  }
}