{
  "config": {
    "run_name": "exp1_2",
    "out_dir": "./results",
    "seed": 542045412,
    "device": null,
    "bs_train": 128,
    "bs_test": 32,
    "batches": 100,
    "epochs": 100,
    "early_stopping": 3,
    "checkpoints": null,
    "lr": 0.001,
    "reg": 0.001,
    "filters_per_layer": [
      32
    ],
    "pool_every": 2,
    "hidden_dims": [
      100
    ],
    "model_type": "cnn",
    "kernel_size": 3,
    "padding": 1,
    "batchnorm": false,
    "dropout": 0.0,
    "momentum": 0.1,
    "kw": {},
    "layers_per_block": 4
  },
  "results": {
    "num_epochs": 0,
    "train_loss": [
      2.303030295372009,
      2.2962615084648133,
      2.2664691543579103,
      2.273155915737152,
      2.100433473587036,
      2.014000390768051
    ],
    "train_acc": [
      10.1875,
      13.015625,
      13.65625,
      12.921875,
      24.0,
      27.265625
    ],
    "test_loss": [
      2.3018774008750915,
      2.2632510614395143,
      2.3021077966690062,
      2.2021934747695924,
      2.0157591557502745,
      2.0537742412090303
    ],
    "test_acc": [
      -203.375,
      -270.59375,
      -167.78125,
      -230.8125,
      -184.625,
      -173.40625
    ]
  }
}