{
  "config": {
    "run_name": "exp1_2",
    "out_dir": "./results",
    "seed": 2039790885,
    "device": null,
    "bs_train": 128,
    "bs_test": 32,
    "batches": 100,
    "epochs": 100,
    "early_stopping": 3,
    "checkpoints": null,
    "lr": 0.001,
    "reg": 0.001,
    "filters_per_layer": [
      128
    ],
    "pool_every": 2,
    "hidden_dims": [
      100
    ],
    "model_type": "cnn",
    "kernel_size": 3,
    "padding": 1,
    "batchnorm": false,
    "dropout": 0.0,
    "momentum": 0.1,
    "kw": {},
    "layers_per_block": 2
  },
  "results": {
    "num_epochs": 0,
    "train_loss": [
      2.1988039350509645,
      1.9811078894138336,
      1.7582331824302673,
      1.6429202687740325,
      1.5116492569446565,
      1.4168499541282653,
      1.3260494422912599,
      1.2455976086854934,
      1.1987944728136062,
      1.12458300113678,
      1.0839797919988632,
      1.041210498213768,
      1.0055589294433593,
      0.9500068348646163,
      0.923745134472847,
      0.8825657820701599,
      0.8556047189235687,
      0.8252226048707962,
      0.7816877734661102,
      0.7567361998558044,
      0.7234341979026795
    ],
    "train_acc": [
      18.5078125,
      29.3515625,
      36.9453125,
      41.390625,
      45.7421875,
      49.1015625,
      52.21875,
      55.609375,
      58.203125,
      60.328125,
      61.6015625,
      63.0546875,
      64.4453125,
      66.4609375,
      67.3046875,
      69.25,
      69.9609375,
      71.2109375,
      72.421875,
      73.6171875,
      74.7421875
    ],
    "test_loss": [
      2.065368826389313,
      1.7981895768642426,
      1.793847998380661,
      1.5628572249412536,
      1.45995023727417,
      1.5586188638210297,
      1.445162569284439,
      1.2649147200584412,
      1.226143090724945,
      1.1776527750492096,
      1.1267943876981734,
      1.07000528216362,
      1.043161136507988,
      1.1483806622028352,
      1.0175084733963013,
      0.9897783362865448,
      1.0141040098667145,
      1.0009667456150055,
      0.9791727381944656,
      0.9741137564182282,
      0.9583278614282608
    ],
    "test_acc": [
      -185.03125,
      -136.78125,
      -119.9375,
      -91.3125,
      -83.65625,
      -92.09375,
      -63.65625,
      -57.96875,
      -56.0,
      -59.625,
      -43.46875,
      -28.28125,
      -28.65625,
      -36.4375,
      -25.34375,
      -17.96875,
      -25.78125,
      -13.28125,
      -17.40625,
      -18.96875,
      -14.09375
    ]
  }
}