{
  "config": {
    "run_name": "exp1_1",
    "out_dir": "./results",
    "seed": 1361166335,
    "device": null,
    "bs_train": 128,
    "bs_test": 32,
    "batches": 100,
    "epochs": 100,
    "early_stopping": 3,
    "checkpoints": null,
    "lr": 0.001,
    "reg": 0.001,
    "filters_per_layer": [
      32
    ],
    "pool_every": 2,
    "hidden_dims": [
      100
    ],
    "model_type": "cnn",
    "kernel_size": 3,
    "padding": 1,
    "batchnorm": false,
    "dropout": 0.0,
    "momentum": 0.1,
    "kw": {},
    "layers_per_block": 2
  },
  "results": {
    "num_epochs": 0,
    "train_loss": [
      2.2118588304519653,
      2.0414493107795715,
      1.8355964016914368,
      1.6950794184207916,
      1.5739173734188079,
      1.4811434519290925,
      1.4198925817012786,
      1.3808235704898835,
      1.3273724853992461,
      1.2958992993831635,
      1.2351628762483597
    ],
    "train_acc": [
      19.2734375,
      27.4609375,
      34.875,
      39.921875,
      43.671875,
      46.796875,
      48.6171875,
      51.2421875,
      52.796875,
      53.8671875,
      56.1640625
    ],
    "test_loss": [
      2.221947066783905,
      1.869617487192154,
      1.7262252581119537,
      1.7282534766197204,
      1.5282152426242828,
      1.407087186574936,
      1.4477642065286636,
      1.347710797190666,
      1.5454041397571563,
      1.344516272544861,
      1.3506808710098266
    ],
    "test_acc": [
      20.25,
      32.15625,
      38.5625,
      39.71875,
      46.40625,
      49.15625,
      48.375,
      52.65625,
      46.53125,
      51.5,
      52.3125
    ]
  }
}