{
  "config": {
    "run_name": "exp1_2",
    "out_dir": "./results",
    "seed": 1729823453,
    "device": null,
    "bs_train": 128,
    "bs_test": 32,
    "batches": 100,
    "epochs": 100,
    "early_stopping": 3,
    "checkpoints": null,
    "lr": 0.001,
    "reg": 0.001,
    "filters_per_layer": [
      32
    ],
    "pool_every": 2,
    "hidden_dims": [
      100
    ],
    "model_type": "cnn",
    "kernel_size": 3,
    "padding": 1,
    "batchnorm": false,
    "dropout": 0.0,
    "momentum": 0.1,
    "kw": {},
    "layers_per_block": 2
  },
  "results": {
    "num_epochs": 0,
    "train_loss": [
      2.199173367023468,
      2.0213624620437622,
      1.8647475969791412,
      1.742730770111084,
      1.6368248760700226,
      1.5804624593257903,
      1.4659565913677215,
      1.4041839170455932,
      1.3398839378356933,
      1.2791090285778046,
      1.25013703584671,
      1.2074108606576919,
      1.140170511007309,
      1.1126293432712555,
      1.0743470448255539,
      1.0234052300453187,
      0.9910589534044266,
      0.9541752088069916,
      0.9411662381887436,
      0.9113408052921295
    ],
    "train_acc": [
      18.5,
      28.0703125,
      33.90625,
      37.953125,
      42.0546875,
      44.0390625,
      47.8125,
      49.1953125,
      52.2578125,
      54.546875,
      55.1953125,
      57.296875,
      59.421875,
      60.6328125,
      61.8359375,
      63.4140625,
      64.984375,
      66.4453125,
      66.4921875,
      68.1953125
    ],
    "test_loss": [
      2.0842152464389803,
      1.8780459117889405,
      1.7211100220680238,
      1.6434593629837035,
      1.522634415626526,
      1.528573577404022,
      1.4366535592079162,
      1.366762627363205,
      1.3066438645124436,
      1.2479807025194167,
      1.2290322667360305,
      1.2289488458633422,
      1.1759072548151017,
      1.1827628326416015,
      1.1024291688203811,
      1.1086417758464813,
      1.0710337388515472,
      1.0553478306531907,
      1.209059466123581,
      1.1169071465730667
    ],
    "test_acc": [
      -209.375,
      -153.6875,
      -136.71875,
      -118.34375,
      -104.15625,
      -97.0625,
      -91.3125,
      -71.34375,
      -66.4375,
      -55.375,
      -48.5,
      -47.46875,
      -44.28125,
      -46.59375,
      -36.5,
      -43.0625,
      -28.75,
      -31.0,
      -49.375,
      -39.625
    ]
  }
}