{
  "config": {
    "run_name": "exp1_3",
    "out_dir": "./results",
    "seed": 1331952816,
    "device": null,
    "bs_train": 128,
    "bs_test": 32,
    "batches": 100,
    "epochs": 100,
    "early_stopping": 3,
    "checkpoints": null,
    "lr": 0.001,
    "reg": 0.001,
    "filters_per_layer": [
      64,
      128,
      256
    ],
    "pool_every": 2,
    "hidden_dims": [
      100
    ],
    "model_type": "cnn",
    "kernel_size": 3,
    "padding": 1,
    "batchnorm": false,
    "dropout": 0.0,
    "momentum": 0.1,
    "kw": {},
    "layers_per_block": 1
  },
  "results": {
    "num_epochs": 0,
    "train_loss": [
      2.2405811047554014,
      2.0414142882823945,
      1.8964072835445405,
      1.7853290855884552,
      1.6895810043811799,
      1.5469502127170562,
      1.4234756302833558,
      1.3851468682289123,
      1.302515059709549,
      1.2419112396240235,
      1.1781975418329238,
      1.1043011438846588,
      1.0436829602718354,
      1.0199769300222397,
      0.9590204638242722,
      0.9150543665885925,
      0.8614595597982406,
      0.8044113576412201,
      0.767047547698021,
      0.7381168842315674,
      0.709007334113121,
      0.6690485352277755,
      0.6210626840591431,
      0.5786848849058152,
      0.5405125015974045,
      0.4930843281745911,
      0.4708117550611496,
      0.4421167084574699
    ],
    "train_acc": [
      15.6953125,
      26.0390625,
      32.3984375,
      36.2421875,
      40.1640625,
      44.5859375,
      48.9921875,
      50.1875,
      53.3515625,
      55.5546875,
      58.015625,
      60.7578125,
      63.4375,
      63.78125,
      66.3984375,
      68.1640625,
      70.0625,
      71.9765625,
      73.09375,
      74.3984375,
      75.078125,
      76.9453125,
      78.6953125,
      80.2890625,
      81.78125,
      83.4921875,
      84.078125,
      85.109375
    ],
    "test_loss": [
      2.1421432983875275,
      2.0126350009441376,
      1.8259954404830934,
      1.7828999662399292,
      1.5511928462982179,
      1.4173720467090607,
      1.3216616988182068,
      1.294314952492714,
      1.3299017125368118,
      1.215361115336418,
      1.147050204873085,
      1.1787984889745713,
      1.135447473526001,
      1.0419723176956177,
      1.127864212989807,
      1.0195039063692093,
      0.9673747938871383,
      0.9309897303581238,
      0.9350449129939079,
      1.1077238124608995,
      1.0417492520809173,
      0.9011788350343705,
      0.934397004544735,
      0.9344047370553017,
      0.9206981882452965,
      0.9743285018205643,
      0.9103022158145905,
      1.0323481532931327
    ],
    "test_acc": [
      -209.125,
      -175.6875,
      -132.9375,
      -138.625,
      -108.28125,
      -83.6875,
      -71.46875,
      -72.59375,
      -66.9375,
      -56.53125,
      -47.875,
      -55.5625,
      -35.90625,
      -31.84375,
      -47.28125,
      -29.96875,
      -17.28125,
      -13.875,
      -11.90625,
      -26.5,
      -13.0,
      -11.53125,
      -14.8125,
      -15.09375,
      -4.15625,
      -8.65625,
      -5.4375,
      -15.03125
    ]
  }
}