{
  "config": {
    "run_name": "exp1_1",
    "out_dir": "./results",
    "seed": 1304345071,
    "device": null,
    "bs_train": 128,
    "bs_test": 32,
    "batches": 100,
    "epochs": 100,
    "early_stopping": 3,
    "checkpoints": null,
    "lr": 0.001,
    "reg": 0.001,
    "filters_per_layer": [
      32
    ],
    "pool_every": 2,
    "hidden_dims": [
      100
    ],
    "model_type": "cnn",
    "kernel_size": 3,
    "padding": 1,
    "batchnorm": false,
    "dropout": 0.0,
    "momentum": 0.1,
    "kw": {},
    "layers_per_block": 4
  },
  "results": {
    "num_epochs": 0,
    "train_loss": [
      2.302990574836731,
      2.2612274742126464,
      2.1871384167671204,
      2.0668206655979158,
      1.9669510173797606,
      1.8873408114910126,
      1.7941782259941101,
      1.715778000354767,
      1.6427926111221314,
      1.5765603470802307,
      1.5212981700897217,
      1.4725163900852203,
      1.4503470039367676,
      1.3730831491947173,
      1.3378120625019074,
      1.2770906925201415,
      1.2422897601127625,
      1.189166613817215,
      1.1817969900369645,
      1.1363279670476913,
      1.0928669571876526,
      1.0671224254369736,
      1.029731087088585,
      0.9936770117282867,
      0.962188218832016,
      0.9272344237565995,
      0.8832702493667602,
      0.8656540262699127,
      0.8474792045354843,
      0.811006606221199,
      0.8028588110208511,
      0.7760149800777435,
      0.7552341651916504,
      0.7227192044258117,
      0.7038383173942566,
      0.677970207631588,
      0.6711609083414077,
      0.646010345518589
    ],
    "train_acc": [
      10.3203125,
      14.6953125,
      19.875,
      24.984375,
      29.171875,
      32.8125,
      36.171875,
      38.59375,
      41.109375,
      43.65625,
      44.78125,
      46.3359375,
      47.609375,
      50.6953125,
      51.984375,
      53.96875,
      55.34375,
      57.25,
      57.609375,
      59.78125,
      61.5,
      62.5625,
      63.46875,
      65.2734375,
      66.59375,
      67.140625,
      68.765625,
      69.8984375,
      70.5625,
      71.6875,
      72.0703125,
      72.5078125,
      73.90625,
      75.1171875,
      75.875,
      76.078125,
      76.640625,
      78.234375
    ],
    "test_loss": [
      2.3008394336700437,
      2.6361825919151305,
      2.195250699520111,
      1.9795507609844207,
      1.8627200603485108,
      1.8748849928379059,
      1.784425904750824,
      1.7416073024272918,
      1.5801725804805755,
      1.7474716019630432,
      1.5229276859760283,
      1.4178140270709991,
      1.3869018876552581,
      1.3275740891695023,
      1.2873221743106842,
      1.2587992787361144,
      1.241424086689949,
      1.2344203919172287,
      1.1925889867544175,
      1.143025845885277,
      1.1113778311014175,
      1.1271258825063706,
      1.1470184600353241,
      1.0593427550792693,
      1.0963902682065965,
      1.0467747664451599,
      1.0573172801733017,
      1.0502542495727538,
      1.1167761671543122,
      1.0647364038228988,
      1.0282353529334067,
      1.0307844805717468,
      1.0590216591954231,
      1.113147525191307,
      1.0235186597704888,
      1.066490638256073,
      1.0872659620642662,
      1.0635190564393997
    ],
    "test_acc": [
      9.625,
      15.5625,
      19.28125,
      30.96875,
      34.46875,
      34.53125,
      36.21875,
      38.65625,
      43.5,
      39.71875,
      43.90625,
      48.53125,
      50.75,
      51.78125,
      53.53125,
      54.71875,
      55.8125,
      56.40625,
      57.625,
      59.9375,
      60.28125,
      58.96875,
      59.4375,
      63.125,
      61.875,
      63.9375,
      63.25,
      64.6875,
      62.875,
      65.1875,
      64.71875,
      65.4375,
      64.4375,
      64.1875,
      66.09375,
      65.15625,
      65.03125,
      65.90625
    ]
  }
}