{
  "config": {
    "run_name": "exp1_3",
    "out_dir": "./results",
    "seed": 297964876,
    "device": null,
    "bs_train": 128,
    "bs_test": 32,
    "batches": 100,
    "epochs": 100,
    "early_stopping": 3,
    "checkpoints": null,
    "lr": 0.001,
    "reg": 0.001,
    "filters_per_layer": [
      64,
      128,
      256
    ],
    "pool_every": 2,
    "hidden_dims": [
      100
    ],
    "model_type": "cnn",
    "kernel_size": 3,
    "padding": 1,
    "batchnorm": false,
    "dropout": 0.0,
    "momentum": 0.1,
    "kw": {},
    "layers_per_block": 2
  },
  "results": {
    "num_epochs": 0,
    "train_loss": [
      2.3032768750190735,
      2.3018796181678773,
      2.275313401222229,
      2.2908360290527345,
      2.20304158449173,
      2.252503136396408
    ],
    "train_acc": [
      10.5,
      11.3515625,
      13.4921875,
      11.609375,
      18.1953125,
      14.6484375
    ],
    "test_loss": [
      2.3023284006118776,
      2.3002152132987974,
      2.3142002701759337,
      2.3020196866989138,
      2.0642875623703003,
      2.3027048921585083
    ],
    "test_acc": [
      -151.84375,
      -246.71875,
      -139.40625,
      -156.8125,
      -159.375,
      -170.75
    ]
  }
}