{
  "config": {
    "run_name": "exp1_2",
    "out_dir": "./results",
    "seed": 932305341,
    "device": null,
    "bs_train": 128,
    "bs_test": 32,
    "batches": 100,
    "epochs": 100,
    "early_stopping": 3,
    "checkpoints": null,
    "lr": 0.001,
    "reg": 0.001,
    "filters_per_layer": [
      256
    ],
    "pool_every": 2,
    "hidden_dims": [
      100
    ],
    "model_type": "cnn",
    "kernel_size": 3,
    "padding": 1,
    "batchnorm": false,
    "dropout": 0.0,
    "momentum": 0.1,
    "kw": {},
    "layers_per_block": 4
  },
  "results": {
    "num_epochs": 0,
    "train_loss": [
      2.2888788628578185,
      2.186360524892807,
      2.0970137512683866,
      1.9841993570327758,
      1.81231201171875,
      1.6953848135471343,
      1.6318182730674744,
      1.5368933820724486,
      1.4410027086734771,
      1.3798286712169647,
      1.326437087059021,
      1.260314371585846,
      1.2229043579101562,
      1.1740096575021743,
      1.1117098587751388,
      1.0681822055578232,
      1.0203130906820297,
      0.9603146064281464,
      0.9236223965883255,
      0.8885049593448638,
      0.8525154966115952,
      0.8177685916423798
    ],
    "train_acc": [
      11.96875,
      19.8671875,
      23.828125,
      29.3984375,
      35.6640625,
      39.015625,
      41.0390625,
      44.78125,
      48.1328125,
      50.640625,
      52.4140625,
      55.2421875,
      56.1875,
      58.15625,
      60.4921875,
      62.3515625,
      64.265625,
      66.140625,
      67.765625,
      68.9921875,
      70.6796875,
      71.4140625
    ],
    "test_loss": [
      2.236913583278656,
      2.095159491300583,
      2.124278322458267,
      1.7870309782028198,
      1.6884248065948486,
      1.6131411492824554,
      1.5503833949565888,
      1.4489585399627685,
      1.3816626912355423,
      1.4110211670398711,
      1.2956394624710084,
      1.2085759598016739,
      1.3592575818300248,
      1.1595310920476913,
      1.1313984537124633,
      1.0770278286933899,
      1.0286398416757583,
      1.034115995168686,
      0.9958227503299714,
      1.0283406195044518,
      1.0082980573177338,
      0.9867667436599732
    ],
    "test_acc": [
      -188.96875,
      -160.75,
      -232.1875,
      -125.75,
      -149.21875,
      -99.75,
      -92.0625,
      -90.96875,
      -67.5625,
      -109.15625,
      -58.75,
      -51.90625,
      -66.0,
      -43.0625,
      -43.5,
      -36.53125,
      -35.5,
      -27.4375,
      -17.4375,
      -25.84375,
      -36.84375,
      -22.71875
    ]
  }
}