{
  "config": {
    "run_name": "exp1_4",
    "out_dir": "./results",
    "seed": 780853129,
    "device": null,
    "bs_train": 128,
    "bs_test": 32,
    "batches": 100,
    "epochs": 100,
    "early_stopping": 3,
    "checkpoints": null,
    "lr": 0.001,
    "reg": 0.001,
    "filters_per_layer": [
      32
    ],
    "pool_every": 2,
    "hidden_dims": [
      100
    ],
    "model_type": "resnet",
    "kernel_size": 3,
    "padding": 1,
    "batchnorm": false,
    "dropout": 0.0,
    "momentum": 0.1,
    "kw": {},
    "layers_per_block": 8
  },
  "results": {
    "num_epochs": 0,
    "train_loss": [
      2.286448431015015,
      2.2185574531555177,
      2.1334253108501433,
      2.057475401163101,
      1.9567166543006898,
      1.8088285613059998,
      1.7320659744739533,
      1.6481041026115417,
      1.5522209680080414,
      1.505501345396042,
      1.4667589032649995,
      1.416997971534729,
      1.3653703618049622,
      1.3212453937530517,
      1.288772840499878,
      1.2260621881484985,
      1.2166599667072295
    ],
    "train_acc": [
      13.4765625,
      18.015625,
      21.0234375,
      25.25,
      29.09375,
      35.03125,
      37.09375,
      40.03125,
      43.5859375,
      44.9765625,
      46.6328125,
      48.2109375,
      50.71875,
      51.9375,
      53.09375,
      55.8359375,
      56.6328125
    ],
    "test_loss": [
      2.253980989456177,
      2.2350002312660218,
      2.042991894483566,
      1.9400879263877868,
      1.787480854988098,
      1.6513864052295686,
      1.633709613084793,
      1.521818163394928,
      1.5684829950332642,
      1.4643852818012237,
      1.4011826050281524,
      1.3747591054439545,
      1.3218387687206268,
      1.2363144695758819,
      1.2651419830322266,
      1.2513114076852798,
      1.2722631764411927
    ],
    "test_acc": [
      -187.78125,
      -161.09375,
      -139.65625,
      -151.0625,
      -126.53125,
      -121.5625,
      -120.6875,
      -93.21875,
      -90.59375,
      -117.28125,
      -97.0,
      -84.9375,
      -69.21875,
      -58.5625,
      -67.0625,
      -69.28125,
      -76.28125
    ]
  }
}