{
  "config": {
    "run_name": "exp1_2",
    "out_dir": "./results",
    "seed": 1154242101,
    "device": null,
    "bs_train": 128,
    "bs_test": 32,
    "batches": 100,
    "epochs": 100,
    "early_stopping": 3,
    "checkpoints": null,
    "lr": 0.001,
    "reg": 0.001,
    "filters_per_layer": [
      256
    ],
    "pool_every": 2,
    "hidden_dims": [
      100
    ],
    "model_type": "cnn",
    "kernel_size": 3,
    "padding": 1,
    "batchnorm": false,
    "dropout": 0.0,
    "momentum": 0.1,
    "kw": {},
    "layers_per_block": 2
  },
  "results": {
    "num_epochs": 0,
    "train_loss": [
      2.225132497549057,
      1.9058173131942748,
      1.6746099424362182,
      1.4831352066993713,
      1.3671517670154572,
      1.3098718810081482,
      1.206829133629799,
      1.1533599269390107,
      1.086774531006813,
      1.0322136360406875,
      0.9920731472969055,
      0.945683764219284,
      0.91522609770298,
      0.8685439050197601,
      0.8263414186239243,
      0.7957168263196945,
      0.7789505958557129
    ],
    "train_acc": [
      18.828125,
      31.3125,
      40.1484375,
      46.4921875,
      50.625,
      53.0703125,
      57.2578125,
      59.40625,
      61.6796875,
      63.578125,
      65.7734375,
      66.96875,
      67.890625,
      69.453125,
      70.9921875,
      71.65625,
      73.140625
    ],
    "test_loss": [
      2.21820680141449,
      1.7015842008590698,
      1.7612120759487153,
      1.5707675969600678,
      1.3371655267477036,
      1.3037255853414536,
      1.4294552552700042,
      1.1252657115459441,
      1.0709090447425842,
      1.0778906744718553,
      1.0378089153766632,
      1.0509819561243057,
      1.0362043267488479,
      0.9600108888745308,
      0.9895676255226136,
      0.9723839190602303,
      1.0120631724596023
    ],
    "test_acc": [
      -205.8125,
      -137.1875,
      -141.59375,
      -116.21875,
      -78.6875,
      -61.34375,
      -87.40625,
      -37.78125,
      -34.71875,
      -25.90625,
      -22.15625,
      -27.5,
      -33.4375,
      -15.5625,
      -22.46875,
      -17.9375,
      -21.375
    ]
  }
}