{
  "config": {
    "run_name": "exp1_1",
    "out_dir": "./results",
    "seed": 613703832,
    "device": null,
    "bs_train": 128,
    "bs_test": 32,
    "batches": 100,
    "epochs": 100,
    "early_stopping": 3,
    "checkpoints": null,
    "lr": 0.001,
    "reg": 0.001,
    "filters_per_layer": [
      64
    ],
    "pool_every": 2,
    "hidden_dims": [
      100
    ],
    "model_type": "cnn",
    "kernel_size": 3,
    "padding": 1,
    "batchnorm": false,
    "dropout": 0.0,
    "momentum": 0.1,
    "kw": {},
    "layers_per_block": 2
  },
  "results": {
    "num_epochs": 0,
    "train_loss": [
      2.2062221753597258,
      2.068618735074997,
      1.9007670390605926,
      1.710089966058731,
      1.5737381565570832,
      1.4817120933532715,
      1.4146184360980987,
      1.338109700679779,
      1.2872820150852204,
      1.2193168848752975,
      1.1705772531032563,
      1.1149184262752534,
      1.0681877917051315,
      1.0298026764392854,
      1.0038435167074204,
      0.9585032290220261,
      0.9472993904352188,
      0.8736924403905868,
      0.8609719216823578,
      0.8190881735086442,
      0.787231724858284,
      0.7769838523864746,
      0.7489685326814651,
      0.6985952287912369,
      0.6741563808918,
      0.6397161802649498,
      0.6198310786485672,
      0.5945209190249443,
      0.5597831988334656
    ],
    "train_acc": [
      18.234375,
      26.234375,
      32.78125,
      39.015625,
      43.359375,
      47.546875,
      49.59375,
      52.40625,
      53.5703125,
      56.5,
      58.546875,
      60.90625,
      62.296875,
      63.453125,
      64.734375,
      66.4140625,
      67.109375,
      69.0703125,
      69.9765625,
      70.8515625,
      72.453125,
      72.8203125,
      74.4453125,
      76.1953125,
      76.8515625,
      77.9609375,
      78.90625,
      79.515625,
      80.5859375
    ],
    "test_loss": [
      2.141454688310623,
      1.9930781769752501,
      1.803242462873459,
      1.8447160720825195,
      1.4610374069213867,
      1.459761666059494,
      1.330495651960373,
      1.3532265323400496,
      1.2777474677562715,
      1.2356070619821549,
      1.1700895977020265,
      1.1284611809253693,
      1.1329967921972275,
      1.09692402780056,
      1.1483650827407836,
      1.087571205496788,
      1.0528067022562027,
      1.0136175847053528,
      1.0852151608467102,
      1.0301873803138732,
      0.9889846795797348,
      0.9564159256219864,
      0.9665588480234146,
      1.0186254453659058,
      0.9589382675290108,
      0.9722109937667847,
      0.9602255609631538,
      0.9735576015710831,
      1.0112999919056893
    ],
    "test_acc": [
      23.875,
      30.46875,
      37.25,
      34.71875,
      47.8125,
      47.59375,
      52.09375,
      52.46875,
      53.375,
      55.40625,
      57.78125,
      59.75,
      60.21875,
      60.59375,
      59.21875,
      61.875,
      63.65625,
      65.21875,
      62.71875,
      63.3125,
      66.34375,
      66.90625,
      66.5,
      65.6875,
      67.25,
      69.09375,
      68.0,
      67.4375,
      66.53125
    ]
  }
}